<?xml version="1.0" encoding="UTF-8"?>
<?xml-model href="../../AMW_RelaxNG_Exercise2.rnc" type="application/relax-ng-compact-syntax"?>
<xml>
    <recipe num="1">
        <title name="chocolatechipCookies">Choocolate Chip Cookies</title>
        <heading>Ingredients</heading>
        <ingredients>
            <item type="flour" amnt="2.25" meas="cups">2 1/4 cups all-purpose flour</item>
            <item type="bakingSoda" amnt="1" meas="teaspoon">1 teaspoon baking soda</item>
            <item type="salt" amnt="1" meas="teaspoon">1 teaspoon salt</item>
            <item type="butter" amnt="1" meas="cups">1 cup (2 sticks) butter,
                <note>softened</note></item>
            <item type="granulatedSugar" amnt="0.75" meas="cups">3/4 cup granulated sugar</item>
            <item type="brownSugar" amnt="0.75" meas="cups">3/4 cup packed brown sugar</item>
            <item type="vanillaExtract" amnt="1" meas="teaspoon">1 teaspoon vanilla extract</item>
            <item type="eggs" amnt="2" meas="wholeEgg">2 large eggs</item>
            <item type="chocolateMorsels" amnt="2" meas="cups">2 cups (12-ounce package) NESTLÉ®
                TOLL HOUSE® Semi-Sweet Chocolate Morsels</item>
            <item type="choppedNuts" amnt="1" meas="cups">1 cup chopped nuts</item> (Optional. If
            omitting, add 1 to 2 Tbsp. of all-purpose flour.) </ingredients>
        <directions>
            <step num="1">Step 1 Preheat oven to 375° F.</step>
            <step num="2">Step 2 Combine flour, baking soda and salt in small bowl. Beat butter,
                granulated sugar, brown sugar and vanilla extract in large mixer bowl until creamy.
                Add eggs, one at a time, beating well after each addition. Gradually beat in flour
                mixture. Stir in morsels and nuts. Drop by rounded tablespoon onto ungreased baking
                sheets. </step>
            <step num="3">Step 3 Bake for 9 to 11 minutes or until golden brown. Cool on baking
                sheets for 2 minutes; remove to wire racks to cool completely.</step>
        </directions>
    </recipe>
    <recipe num="2">
        <title name="shortbreadCookies">Buttery 3-Ingredient Shortbread Cookies</title>
        <heading>Ingredients</heading>
        <ingredients>
            <item type="unsaltedButter" amnt="1" meas="cups">1 cup unsalted butter,
                    <note>softened</note></item>
            <item type="sugar" amnt="0.5" meas="cups">1/2 cup sugar</item>
            <item type="flour" amnt="2" meas="cups">2 cups all-purpose flour</item>
            <item type="confectionersSugar">Confectioners' sugar, <note>optional</note></item>
        </ingredients>
        <directions>
            <step num="1">Preheat oven to 325°</step>. <step num="2">Cream butter and sugar until
                light and fluffy. Gradually beat in flour.</step>
            <step num="3">Press dough into an ungreased 9-in. square baking pan. Prick with a
                fork.</step>
            <step num="4">Bake until light brown, 30-35 minutes.</step>
            <step num="5">Cut into squares while warm. Cool completely on a wire rack. <optional>If
                    desired, dust with confectioners' sugar.</optional></step>
        </directions>
    </recipe>
</xml>
